[
  {
    "id": "p1",
    "title": "Has\u0131r Kad\u0131n \u00c7anta - Model A",
    "price": 49.99,
    "currency": "USD",
    "short": "El yap\u0131m\u0131 has\u0131r \u00e7anta, sedef detayl\u0131",
    "images": [
      "/images/hasir1.jpg"
    ],
    "description": "Jakarta yap\u0131m\u0131 el i\u015fi has\u0131r \u00e7anta. Boy: 30x25cm. 350g."
  },
  {
    "id": "p2",
    "title": "Hindistan Cevizi Kasesi - Do\u011fal",
    "price": 12.5,
    "currency": "USD",
    "short": "Do\u011fal kokonat kase, el oyma",
    "images": [
      "/images/kase1.jpg"
    ],
    "description": "Kokonut kabu\u011fundan \u00fcretilmi\u015f do\u011fal kase. Her biri benzersiz."
  }
]